"###","###","###","###","###","###","###","###","###","###","###","###","###","###","###","###","###"
"###"," O ","###","   ","   ","   ","   ","   ","   ","   ","   ","   ","   ","###","   ","   ","###"
"###","   ","###","   ","###","   ","###","###","###","   ","###","###","   ","###","###","   ","###"
"###","   ","###","   ","###","###","###","###","###","   ","   ","###","   ","   ","   ","   ","###"
"###","   ","###","   ","###","   ","   ","###","###","###","   ","###","###","###","###","   ","###"
"###","   ","###","   ","###","###","   ","###","   ","   ","   ","###","   ","   ","###","   ","###"
"###","   ","###","   ","###","###","   ","###","   ","###","###","###","   ","###","###","   ","###"
"###","   ","###","   ","   ","   ","   ","###","   ","###","   ","###","   ","   ","   ","   ","###"
"###","   ","###","###","###","###","###","###","   ","   ","   ","###","###","   ","###","###","###"
"###","   ","   ","   ","   ","   ","###","###","   ","###","   ","   ","###","   ","###","   ","###"
"###","###","###","###","###","   ","###","###","   ","###","###","   ","###","   ","###","   ","###"
"###","   ","   ","   ","###","   ","###","###","   ","   ","###","   ","###","   ","   ","   ","###"
"###","   ","###","   ","###","   ","###","###","###","###","###","   ","###","###","###","   ","###"
"###","   ","###","   ","###","   ","###","   ","   ","   ","###","   ","   ","   ","###","   ","###"
"###","   ","###","###","###","   ","###","   ","###","   ","###","###","###","   ","###","   ","###"
"###","   ","   ","   ","   ","   ","   ","   ","###","   ","   ","   ","   ","   ","###"," X ","###"
"###","###","###","###","###","###","###","###","###","###","###","###","###","###","###","###","###"