"###","###","###","###","###","###","###","###","###","###","###","###","###","###","###","###","###","###","###","###","###","###","###","###","###","###","###","###","###"
"###"," O ","   ","   ","   ","   ","###","   ","   ","   ","   ","   ","   ","   ","###","   ","   ","   ","   ","   ","###","   ","   ","   ","   ","   ","###","   ","###"
"###","   ","###","###","###","   ","###","   ","###","###","###","###","###","   ","###","   ","###","   ","###","###","###","   ","###","   ","###","   ","###","   ","###"
"###","   ","###","   ","###","   ","###","   ","   ","   ","###","   ","###","   ","###","   ","###","   ","   ","   ","   ","   ","###","   ","###","   ","   ","   ","###"
"###","   ","###","   ","###","   ","###","###","###","   ","###","   ","###","   ","###","   ","###","###","###","###","###","   ","###","   ","###","###","###","   ","###"
"###","   ","   ","   ","###","   ","   ","   ","   ","   ","###","   ","###","   ","###","   ","###","   ","   ","   ","###","   ","###","   ","###","   ","   ","   ","###"
"###","###","###","###","###","###","###","###","###","   ","###","   ","###","   ","###","   ","###","   ","###","   ","###","###","###","   ","###","   ","###","   ","###"
"###","   ","   ","   ","   ","   ","   ","   ","###","   ","   ","   ","###","   ","   ","   ","###","   ","###","   ","   ","   ","   ","   ","###","   ","###","   ","###"
"###","   ","###","###","###","###","###","   ","###","###","###","###","###","###","###","###","###","   ","###","###","###","###","###","###","###","   ","###","   ","###"
"###","   ","   ","   ","###","   ","   ","   ","   ","   ","###","   ","   ","   ","   ","   ","   ","   ","###","   ","   ","   ","###","   ","   ","   ","###","   ","###"
"###","###","###","   ","###","###","###","###","###","   ","###","   ","###","###","###","###","###","###","###","   ","###","   ","###","   ","###","###","###","   ","###"
"###","   ","   ","   ","###","   ","   ","   ","###","   ","   ","   ","###","   ","   ","   ","   ","   ","###","   ","###","   ","###","   ","###","   ","###","   ","###"
"###","   ","###","###","###","   ","###","   ","###","###","###","###","###","   ","###","###","###","   ","###","###","###","   ","###","###","###","   ","###","   ","###"
"###","   ","   ","   ","   ","   ","###","   ","###","   ","   ","   ","   ","   ","###","   ","###","   ","   ","   ","   ","   ","###","###","   ","   ","###","   ","###"
"###","###","###","###","###","###","###","   ","###","   ","###","###","###","###","###","   ","###","###","###","###","###","###","###","###","   ","###","###","   ","###"
"###","   ","   ","   ","   ","   ","   ","   ","###","   ","###","   ","   ","   ","   ","   ","   ","   ","###","   ","   ","   ","   ","###","   ","   ","   ","   ","###"
"###","   ","###","###","###","###","###","###","###","   ","###","###","###","###","###","###","###","   ","###","   ","###","   ","###","###","###","###","###","   ","###"
"###","   ","###","   ","   ","   ","   ","   ","###","   ","   ","   ","###","   ","   ","   ","###","   ","###","   ","###","   ","###","   ","   ","   ","   ","   ","###"
"###","   ","###","   ","###","###","###","   ","###","###","###","   ","###","###","###","   ","###","   ","###","   ","###","###","###","   ","###","###","###","###","###"
"###","   ","   ","   ","   ","   ","###","   ","   ","   ","   ","   ","###","   ","   ","   ","###","   ","   ","   ","###","   ","   ","   ","###","   ","   ","   ","###"
"###","###","###","###","###","   ","###","###","###","###","###","###","###","###","   ","###","###","   ","###","###","###","   ","###","###","###","###","###","   ","###"
"###","   ","   ","   ","###","   ","###","   ","   ","   ","   ","   ","   ","###","   ","###","   ","   ","   ","   ","   ","   ","###","   ","   ","   ","###","   ","###"
"###","###","###","   ","###","   ","###","   ","###","###","###","###","   ","###","   ","###","###","###","###","   ","###","###","###","   ","###","   ","###","   ","###"
"###","   ","   ","   ","###","   ","   ","   ","###","   ","   ","   ","   ","###","   ","   ","   ","   ","   ","   ","###","   ","   ","   ","###","   ","   ","   ","###"
"###","   ","###","###","###","###","###","###","###","   ","###","###","###","###","   ","###","###","###","###","###","###","   ","###","###","###","###","###","   ","###"
"###","   ","###","   ","   ","   ","###","   ","   ","   ","###","   ","   ","###","   ","   ","###","   ","   ","   ","###","   ","   ","   ","###","   ","###","   ","###"
"###","   ","###","   ","###","   ","###","   ","###","###","###","   ","###","###","###","###","###","   ","###","   ","###","###","###","   ","###","   ","###","   ","###"
"###","   ","   ","   ","###","   ","   ","   ","   ","   ","   ","   ","   ","   ","   ","   ","   ","   ","###","   ","   ","   ","   ","   ","###","   ","   "," X ","###"
"###","###","###","###","###","###","###","###","###","###","###","###","###","###","###","###","###","###","###","###","###","###","###","###","###","###","###","###","###"