"###","###","###","###","###","###","###","###","###","###","###","###","###","###","###","###","###","###","###","###","###","###","###"
"###"," O ","   ","   ","   ","   ","###","   ","   ","   ","   ","   ","###","   ","   ","   ","   ","   ","   ","   ","###","   ","###"
"###","   ","###","###","###","   ","###","   ","###","   ","###","###","###","   ","###","   ","###","   ","###","   ","###","   ","###"
"###","   ","   ","   ","###","   ","   ","   ","###","   ","###","   ","   ","   ","###","   ","###","   ","###","   ","###","   ","###"
"###","###","###","   ","###","###","###","###","###","   ","###","   ","###","###","###","###","###","   ","###","   ","###","   ","###"
"###","   ","###","   ","   ","   ","###","   ","   ","   ","###","   ","###","   ","   ","   ","###","   ","###","   ","###","   ","###"
"###","   ","###","   ","###","###","###","   ","###","   ","###","   ","###","   ","###","###","###","   ","###","   ","###","   ","###"
"###","   ","   ","   ","###","   ","   ","   ","###","   ","###","   ","   ","   ","###","   ","   ","   ","###","   ","###","   ","###"
"###","   ","###","###","###","   ","###","   ","###","   ","###","###","###","   ","###","   ","###","###","###","   ","   ","   ","###"
"###","   ","###","   ","   ","   ","###","   ","###","   ","###","###","###","   ","###","   ","   ","   ","###","###","###","   ","###"
"###","   ","###","   ","###","###","###","   ","###","###","###","   ","   ","   ","###","###","###","   ","###","   ","   ","   ","###"
"###","   ","###","   ","###","   ","###","###","###","###","###","   ","###","###","###","   ","###","   ","###","   ","###","###","###"
"###","###","###","   ","###","   ","###","   ","   ","   ","###","   ","   ","   ","###","   ","   ","   ","###","   ","   ","   ","###"
"###","   ","   ","   ","###","   ","###","   ","###","   ","###","###","###","   ","###","   ","###","###","###","###","###","   ","###"
"###","   ","###","###","###","   ","###","   ","###","   ","   ","   ","###","   ","###","   ","###","   ","   ","   ","   ","   ","###"
"###","   ","   ","   ","   ","   ","###","   ","###","   ","###","   ","###","   ","###","   ","###","###","###","###","###","   ","###"
"###","   ","###","###","###","###","###","   ","###","   ","###","###","###","   ","###","   ","   ","   ","   ","   ","###","   ","###"
"###","   ","   ","   ","   ","   ","   ","   ","###","   ","   ","###","   ","   ","###","   ","###","###","###","   ","###","   ","###"
"###","   ","###","###","###","###","###","###","###","###","   ","###","###","   ","###","   ","###","   ","###","   ","###","   ","###"
"###","   ","   ","   ","   ","###","   ","###","   ","###","   ","   ","   ","   ","###","   ","   ","   ","###","   ","###","   ","###"
"###","###","###","###","   ","###","   ","###","   ","###","###","###","###","###","###","###","###","###","###","   ","###","   ","###"
"###","   ","   ","   ","   ","   ","   ","###","   ","   ","   ","   ","   ","   ","   ","   ","   ","   ","   ","   ","###"," X ","###"
"###","###","###","###","###","###","###","###","###","###","###","###","###","###","###","###","###","###","###","###","###","###","###"